{"train/learning_rate":4.3834269662921354e-05,"train_loss":0.016123019498119805,"train/global_step":549,"_step":58,"eval/steps_per_second":24.437,"train/grad_norm":NaN,"eval/loss":NaN,"eval/samples_per_second":47.71,"_runtime":300,"_wandb":{"runtime":300},"_timestamp":1.7595858075158541e+09,"train_samples_per_second":27.221,"train_runtime":268.1705,"train_steps_per_second":13.648,"eval/runtime":0.8594,"train/epoch":3,"total_flos":1.82224830580992e+15,"train/loss":0}