{"test/runtime":0.9213,"train/global_step":106,"eval/loss":0.645680844783783,"test/steps_per_second":9.768,"train_loss":0.7144710843028917,"_step":205,"eval/runtime":4.4755,"_timestamp":1.7595213407562785e+09,"_wandb":{"runtime":4005},"_runtime":4005,"train_samples_per_second":2.414,"train/learning_rate":4.9500000000000004e-05,"eval/steps_per_second":4.692,"test/loss":0.9763213396072388,"train/grad_norm":11.911857604980469,"test/samples_per_second":19.537,"train_steps_per_second":1.21,"train/epoch":0.5792349726775956,"total_flos":2.384289792e+14,"eval/samples_per_second":9.161,"train/loss":0.4886,"train_runtime":1512.0884}