{"_timestamp":1.7595851710254672e+09,"train/grad_norm":7.535609245300293,"train/learning_rate":1.1205357142857143e-05,"train_steps_per_second":5.533,"total_flos":3.8148636672e+14,"train_samples_per_second":33.107,"train/loss":0.3823,"_runtime":1955,"train_runtime":220.4999,"train/global_step":976,"eval/samples_per_second":69.168,"_wandb":{"runtime":1955},"train/epoch":16,"_step":222,"train_loss":0.616309681876761,"eval/steps_per_second":11.809,"eval/runtime":0.5928,"eval/loss":0.6407126188278198}